modelo,precio
VENDO CHEVROLET VITARA 3 PUERTAS 4X4,"$ 10,800"
VOLKSWAGEN JETTA 163VJ3 AC 2.0 4P 4X2 TA OLX AUTOS GUAYAQUIL,"$ 15,500"
CHEVROLET Sail LS VVT 1.5L 4p T/M STD 2AB ABS 2020 OLX AUTOS QUITO,"$ 15,990"
JEEP NEW COMPASS 2019,"$ 33,900"
Mazda BT-50 CRDI 4x4 CD full,"$ 16,900"
Great wall wingle 2.4 4x2 CD full,"$ 16,900"
CHEVROLET LUV V6,"$ 8,200"
Peugeot 301 Act Auto CarOutlet Nexumcorp,"$ 15,650"
AVEO EMOTION GT 5P TM GLS,"$ 11,800"
great wall h3 año 2018 unico dueño documentos al día whatsaap 0·9·9·5·0·5·7·8·0·5,"$ 15,600"
Chevrolet Aveo Activo,"$ 8,700"
RENAULT SANDERO EXPRESSION A/C 1.6 2015,"$ 10,600"
Se Vende Camión JAC doble cabina año 2013 de 2.5 toneladas,"$ 12,900"
Ford F-150 4x4 año 2014,"$ 31,000"
Hyundai Santa Fe 7 pasajeros 4x4 2014 automall,"$ 21,800"
Chevrolet Aveo family,"$ 10,499"
GRAND VITARA SZ 2.4 2015,"$ 16,500"
Hyundai Ioniq Híbrido Auto CarOutlet Nexumcorp,"$ 17,290"
CHEVROLET AVEO EMOTION,"$ 7,500"
CHEVROLET VITARA 5P 4X4 TM,"$ 8,900"
‼️MITSUBISHI L200 4x4 NEW TRITON AÑO 2022‼️,$ 100
Hermoso Megane classic 2005 1.6,"$ 6,700"
TOYOTA SCION XB 2012,"$ 15,990"
Venta Sportage Line,"$ 24,000"
Chevrolet Dmax 2015,"$ 17,900"
Great wall M4 2018,"$ 12,900"
Hyundai tucson IX TM 2.0 4x2 full,"$ 17,900"
CHEVROLET DMAX 3.0 4X2 DIESEL,$ 500
Chevrolet Beat Premier 2019,"$ 12,300"
Venta chevrolet Spark GT,"$ 10,400"
Renault sandero expression año 2012 con 148 mil km autopremium,"$ 8,900"
Ford Explorer 3p,"$ 9,900"
Fortuner 4.0 V6 TA 2014,"$ 39,500"
Lotus elice 250cup coupe 2017,"$ 97,800"
Swift emotion 1995,"$ 6,300"
Spark AC 2010,"$ 7,800"
PEUGEOT 208 1.6L 4X2 5P,"$ 15,900"
FORD EDGE 3.5 AT 4X2 5P,"$ 24,400"
DODGE JOURNEY TA 2.4L 4X2 5P,"$ 18,400"
SPARK LIFE 2019 TM STD 1.0 FLAMANTE!!,"$ 9,500"
FORD LIMITES 4X4 LUXURI USO MEDICO COMO NIEVA FORD EXPLORER 4x4 3 FILAS DE ASCIENTO DE USO PERSONAL POCO KM,"$ 29,500"
Tahoe 2019,"$ 86,000"
KIA Óptima R Hybrid 2L 4p Atkinson GDi T/A 200hp Euro V 2015 OLX AUTOS GUAYAQUIL,"$ 14,800"
Hyundai Ioniq Full 2018 vendo por viaje! 30.000km único dueño,"$ 18,500"
Vigus 4x4 2019,"$ 23,990"
JMC S350 año 2019,"$ 22,990"
Volkswagen Amarok 2018,"$ 25,000"
Vigus 4x4 2019,"$ 25,990"
Vigus 4x2 2019,"$ 23,000"
Chevrolet Captiva Sport V6 4x4 2010 automall,"$ 13,800"
Mercedes Benz ML 320,"$ 11,900"
Chevrolet Grand vitara 2011,"$ 12,800"
Dongfeng new rich6 4x4 diesel 2022,"$ 29,990"
Dongfeng Rich 6 diesel,"$ 26,990"
MAZDA 3 SEDAN AT AÑO 2008 CON 77 MIL KM AUTOPREMIUM,"$ 11,900"
Toyota Hilux 4x4 Auto CarOutlet Nexumcorp,"$ 44,490"
Ford Escape 2019,"$ 29,900"
Great Wall M4 2015,"$ 11,900"
Kia Sportage 2019,"$ 28,900"
Chevrolet Tracker LS Auto CarOutlet Nexumcorp,"$ 20,250"
NISSAN KICKS 2019,"$ 21,500"
CHEVROLET SAIL LS 1.4L 4P T / MA / A DOHC 102HP 2019 OLX AUTOS GUAYAQUIL,"$ 10,500"
MAHINDRA KUV 100 K6 1.2L 3cil DVVT SUV 4x2 T / MA / A 82hp OLX AUTOS QUITO,"$ 12,900"
CREDITO INMEDIATO SPARK GT 2022 NUEVO 0KM,"$ 1,499"
Aveo Family 2015 Auto CarOutlet Nexumcorp,"$ 9,500"
BMW 325i Turbo 2006,"$ 16,500"
Dodge Durango 2018,"$ 58,900"
Ford edge 2014,"$ 23,900"
Kia Cerato R 2015,"$ 16,900"
Lexus RX 450H 2010,"$ 23,900"
SPARK GT LTE FULL 2019,"$ 11,900"
Peugeot 2008 Auto CarOutlet Nexumcorp,"$ 35,000"
Kia Sportage Active T/M 2015,"$ 16,500"
Toyota Rav4 4x4 2.4 Full año 2012 Flamante,"$ 20,900"
Changan CS 35 año 2019 Full,"$ 15,800"
CHEVROLET N300,"$ 11,800"
KIA SPORTAGE AUTOMÁTICO LIMITED 2011,"$ 17,800"
Hyundai Creta T/M 2019 automall,"$ 21,500"
CHEVROLET CORSA EVOLUTION SEDAN GLS AC,"$ 6,700"
Kia Sportage 2017 Mecanico,"$ 22,000"
HYUNDAI TUCSON TL 2018 MANUAL FULL,"$ 24,800"
‼️FORD MUSTANG V6 MANUAL PREMIUM 2016‼️,"$ 64,990"
Furgoneta 2020,"$ 12,990"
BMW X5 2002 FULL 3.0 AT BLINDADO,"$ 11,300"
Fiat 500 año 2020 con 1500km 2 meses de uso,"$ 18,300"
MAZDA NEW BT-50 4X2,"$ 28,000"
CHEVROLET TRACKER,"$ 18,500"
Captiva 2F 1.5T 2020,"$ 24,800"
GREAT WALL HAVAL H6 CONFORT 2.0T 4X2 5P,"$ 25,900"
DS3 Citroën 2013 como nuevo,"$ 24,000"
NISSAN SENTRA CLASICO,"$ 4,300"
Chevrolet grand vitara 2005 3p,"$ 10,900"
Mitsubishi montero sport 1999,"$ 13,600"
Chevrolet aveo family 2017,"$ 11,300"
Toyota Fortuner 2017 TA 2.7,"$ 39,900"
Dongfeng Rich 6 año 2022 CREDITO ENTREGA INMEDIATA,"$ 24,990"
VENDO FLAMANTE HYUNDAI i10,"$ 8,200"
Vehiculo ford,"$ 12,900"
Vitara en buen estado con aire enfriando precio negociable,"$ 6,000"
WINGLE 7 A DIESEL MT 2.0 TURBO AÑO 2020 AUTOPREMIUM,"$ 23,900"
CHEVROLET CORSA 1.6 TM AÑO 2003 KILOMETRAJE 154000,"$ 6,700"
CHEVROLET Grand Vitara 2L SUV 4x2 T/M STD 2AB 2015 OLX AUTOS QUITO,"$ 14,200"
TOYOTA Fortuner 2.7VVTi Elite SUV 4x4 T / AA / A 2013 OLX AUTOS QUITO,"$ 27,000"
CHEVROLET ONIX TURBO LUXURI CREDITO Y CONTADO 5 mil km,"$ 17,500"
BONITA FORD F-150 4x2 CON AIRE ACONDICIONADO,"$ 8,200"
New Mazda 6 High plus,"$ 33,900"
CHEVROLET AVEO ACTIVO FULL 2012,"$ 10,990"
AVEO EMOTION 2011,"$ 9,000"
Trailblazer 2006,"$ 9,900"
Hyundai HD78 2015,"$ 15,000"
Vigus 4x4 2019,"$ 25,990"
BMW ACTIVE HYBRID 7 2012,"$ 37,800"
Porsche Cayenne Tiptronic 2012 automall,"$ 44,800"
Mercedes Benz ML350,"$ 17,900"
Mazda CX3 2019,"$ 25,900"
Toyota Fortuner 2011,"$ 25,900"
Toyota Rav4 2007,"$ 13,900"
Peugeot 206 XS 2008,"$ 9,900"
Honda Pilot 2007,"$ 17,900"
CHEVROLET LUV DMAX DC 4X4 2013,"$ 23,790"
CITROEN C-Elysee SHINE AC 1.6 4P 4X2 TM 2020 OLX AUTOS QUITO,"$ 14,700"
Daihatsu terios 4x4,"$ 9,300"
Byd F3 2017 unico dueño muy buen estado!,"$ 11,499"
Vendo hermoso,"$ 12,000"
CITROEN C3 4x2 TM DIESEL,"$ 18,800"
HYUNDAI SANTA FE DM 5PAS AC 2.4 4X2 TA,"$ 22,000"
Flamante Grand Vitara SZ 2016 AT,"$ 16,000"
Kia Sportage 2016,"$ 17,500"
GRAND VITARA SZ,"$ 10,800"
Chevrolet Spark año 2005 Unico Dueño,"$ 6,600"
Mitsubishi Nativa 4x4 2.5 año 2010,"$ 21,400"
Nissan Sentra Sport 2.0 Mt año 2012,"$ 11,200"
Hyundai Grand i10 Sedan año 2019,"$ 11,900"
Nissan Frontier 2012 4x2 año 2012,"$ 14,400"
HYUNDAI ACCENT 2017 1.6,"$ 14,800"
Camioneta Dongfeng Rich 6 4x2 Turbodiesel 2022 (Nissan Frontier),"$ 23,800"
Suzuki grand vitara sz año 2011,"$ 11,800"
Ford Edge 2013 3.5cc,"$ 19,800"
JAC S2 TM AC 2019,"$ 14,500"
Chevrolet Dmax 3.0 año 2019 4x4,"$ 30,500"
"Propietario Vende Tucson 2009 en Perfecto estado , matrícula y revisión 2021 al día","$ 11,700"
Chevrolet Dmax 4x2 v6 año 2008 Automatico,"$ 12,900"
CHERY Tiggo 3 1.6L SUV 4x2 DVVT T/M A/A 2AB ABS EBD F/E 2019 OLX AUTOS QUITO,"$ 15,300"
GREAT WALL H6 AÑO 2018,"$ 14,900"
SAN REMO COMO NUEVO Emplasticado,"$ 11,000"
Renault Duster 2013,"$ 11,800"
Venta Chevrolet Equinox LT,"$ 25,900"
Venta Chevrolet Cruze LS,"$ 14,900"
Furgoneta volkswagen Crafter,"$ 39,000"
CHEVROLET SAIL HATCHBACK 1.4 LTZ 4X2 5P,"$ 13,600"
DODGE JOURNEY 2.4L 4X2 5P,"$ 26,900"
Vendo Chery qq311 año 2012,"$ 5,500"
Vendo de oportunidad,"$ 5,500"
Ventas y servicios técnicos especializados en moto electrica,"$ 1,000"
Grand Vitara AUTOMÁTICO,"$ 7,000"
Oportunidad Renault Sandero full 2011,"$ 7,900"
Landwind X2 2020,"$ 14,990"
Vigus 4x2 2019,"$ 23,000"
SUSUKI FORSA 1.0L TM,"$ 8,900"
FORD MUSTANG AT 2013,"$ 51,990"
"Por viaje vendo flamante Jetta , unico dueño","$ 14,200"
VENDO AUTO HYUNDAI SONATA HYBRIDO AUTOMATICO 2017 DE LUJO,"$ 18,900"
TOYOTA Yaris Sport Basic 1.5L 5p T/M A/A P/E 2AB ABS 106hp EFI 2019 OLX AUTOS QUITO,"$ 16,800"
Fiat 500 full,"$ 15,900"
Mazda BT-50 CRDI 4x4 CD full,"$ 16,900"
Great wall wingle 2.4 4x2 CD full,"$ 16,900"
CHEVROLET LUV V6,"$ 8,200"
Peugeot 301 Act Auto CarOutlet Nexumcorp,"$ 15,650"
AVEO EMOTION GT 5P TM GLS,"$ 11,800"
great wall h3 año 2018 unico dueño documentos al día whatsaap 0·9·9·5·0·5·7·8·0·5,"$ 15,600"
Chevrolet Aveo Activo,"$ 8,700"
RENAULT SANDERO EXPRESSION A/C 1.6 2015,"$ 10,600"
Se Vende Camión JAC doble cabina año 2013 de 2.5 toneladas,"$ 12,900"
Ford F-150 4x4 año 2014,"$ 31,000"
Hyundai Santa Fe 7 pasajeros 4x4 2014 automall,"$ 21,800"
Chevrolet Aveo family,"$ 10,499"
GRAND VITARA SZ 2.4 2015,"$ 16,500"
Hyundai Ioniq Híbrido Auto CarOutlet Nexumcorp,"$ 17,290"
CHEVROLET AVEO EMOTION,"$ 7,500"
CHEVROLET VITARA 5P 4X4 TM,"$ 8,900"
Furgoneta 2020,"$ 12,990"
Kia RIO EX STD 2017,"$ 14,500"
MAZDA CX-5 Skyactiv 2L SUV 4x2 T/A 166hp 6AB 2014 OLX AUTOS QUITO,"$ 20,900"
TOYOTA HILUX 2015 4X4 DC,"$ 31,800"
Chevrolet Dmax 2015,"$ 17,900"
Great wall M4 2018,"$ 12,900"
Hyundai tucson IX TM 2.0 4x2 full,"$ 17,900"
CHEVROLET DMAX 3.0 4X2 DIESEL,$ 500
Chevrolet Beat Premier 2019,"$ 12,300"
Venta chevrolet Spark GT,"$ 10,400"
Renault sandero expression año 2012 con 148 mil km autopremium,"$ 8,900"
Ford Explorer 3p,"$ 9,900"
Fortuner 4.0 V6 TA 2014,"$ 39,500"
Lotus elice 250cup coupe 2017,"$ 97,800"
Swift emotion 1995,"$ 6,300"
Spark AC 2010,"$ 7,800"
PEUGEOT 208 1.6L 4X2 5P,"$ 15,900"
FORD EDGE 3.5 AT 4X2 5P,"$ 24,400"
DODGE JOURNEY TA 2.4L 4X2 5P,"$ 18,400"
SPARK LIFE 2019 TM STD 1.0 FLAMANTE!!,"$ 9,500"
FIAT 500 FULL 2018,"$ 17,900"
NISSAN VERSA 2018 1.6 AC,"$ 14,800"
Chevrolet Tracker 2021 Full Flamante,"$ 23,800"
MAZDA BT-50 DE OPORTUNIDAD,"$ 14,900"
Camioneta datsun,"$ 5,600"
CHEVROLET GRAND VITARA 2012,"$ 13,000"
Chevrolet 2017,"$ 11,800"
GRAND VITARA SZ 2018 TM 2.O 15.000 KM !!!,"$ 19,500"
POLARIS RZR 1000 TURBO 2018,"$ 22,500"
Mazda Cx3 Core AT 11500km,"$ 21,700"
Honda crv año 2012 con 90 mil km Autopremium,"$ 23,900"
VENDO CAVALIER LT AC 4P,"$ 16,900"
JMC Carrying Plus 3.2T,"$ 15,990"
JMC Carrying Plus 3.2T,"$ 15,990"
SUSUKI GRAND VITARA SZ 2.0L FL 4X2,"$ 13,500"
NISSAN VERSA 2018 AUTOMATICO PLATEADO 1.6,"$ 14,390"
CHEVROLET SAIL 2018 MANUAL 1.4 PLATA,"$ 12,800"
Renault Duster Dinamique AT,"$ 16,300"
HYUNDAI H1 2011 FULL EQUIPO,"$ 18,800"
CHEVROLET SAIL 2018,"$ 13,800"
NISSAN MARCH 1.6 TM AÑO 2012 KILOMETRAJE 186000,"$ 9,200"
Modelo único: Toyota Camry Solara a la Venta,"$ 14,000"
BONITA DMAX 4x2 2013,"$ 15,800"
Grand Vitara 2012 5 puertas Full,"$ 12,500"
VOLKSWAGEN BORA STYLE ACTIVE 2.5 FULL,"$ 10,000"
KIA RIO R 2014 FULL EQUIPO,"$ 13,500"
CHERRY TIGGO FULL EQUIPO,"$ 13,500"
TOYOTA RAV 2003 FULL EQUIPO TM,"$ 11,800"
TUCSON IX 2013 TA FLAMANTE,"$ 16,900"
HONDA PILOT 2012,"$ 29,000"
TOYOTA YARIS SPORT 2019 Full,"$ 17,900"
FORD ECOSPORT,"$ 10,300"
Citroen C-Elysée Auto CarOutlet Nexumcorp,"$ 12,000"
HYUNDAI i10 2012,"$ 8,900"
JEEP NEW COMPASS SPORT AC 2.400cc 5P 4X2 TA TIPTRONIC 2019 ANARANJADO,"$ 33,900"
MAZDA BT-50,"$ 19,800"
Chevrolet Grand Vitara STD 4X2 2.0cc P/4,"$ 12,500"
FORD EXPEDITION 4X4 AÑO 2012 CREDITO DIRECTO GUAYAQUIL,"$ 32,800"
CHEVROLET GRAND VITARA 2.0 L 4X2 5P,"$ 14,400"
Se vende kia picanto 2013 full,"$ 8,500"
